-- phpMyAdmin SQL Dump
-- version 5.0.1
-- https://www.phpmyadmin.net/
--
-- Host: 127.0.0.1
-- Generation Time: Jan 13, 2021 at 04:29 AM
-- Server version: 10.4.11-MariaDB
-- PHP Version: 7.4.1

SET SQL_MODE = "NO_AUTO_VALUE_ON_ZERO";
SET AUTOCOMMIT = 0;
START TRANSACTION;
SET time_zone = "+00:00";


/*!40101 SET @OLD_CHARACTER_SET_CLIENT=@@CHARACTER_SET_CLIENT */;
/*!40101 SET @OLD_CHARACTER_SET_RESULTS=@@CHARACTER_SET_RESULTS */;
/*!40101 SET @OLD_COLLATION_CONNECTION=@@COLLATION_CONNECTION */;
/*!40101 SET NAMES utf8mb4 */;

--
-- Database: `login`
--

-- --------------------------------------------------------

--
-- Table structure for table `barang`
--

CREATE TABLE `barang` (
  `id` int(11) NOT NULL,
  `kode_barang` varchar(10) DEFAULT NULL,
  `nama_barang` varchar(100) DEFAULT NULL,
  `harga_beli` varchar(100) DEFAULT NULL,
  `harga_jual` varchar(100) DEFAULT NULL,
  `stok` int(11) DEFAULT NULL,
  `satuan` varchar(50) DEFAULT NULL
) ENGINE=InnoDB DEFAULT CHARSET=utf8mb4;

--
-- Dumping data for table `barang`
--

INSERT INTO `barang` (`id`, `kode_barang`, `nama_barang`, `harga_beli`, `harga_jual`, `stok`, `satuan`) VALUES
(1, '53525585', 'Telur', '10000', '12500', 10, 'kg'),
(2, '90598509', 'Kopi Kapal Api', '1500', '1750', 14, 'sachet'),
(4, '33602675', 'Gula Pasir', '7500', '8000', 14, 'kg');

-- --------------------------------------------------------

--
-- Table structure for table `data_toko`
--

CREATE TABLE `data_toko` (
  `id` int(11) NOT NULL,
  `nama_toko` varchar(80) DEFAULT NULL,
  `nama_pemilik` varchar(80) DEFAULT NULL,
  `no_telepon` varchar(15) DEFAULT NULL,
  `alamat` varchar(255) DEFAULT NULL
) ENGINE=InnoDB DEFAULT CHARSET=utf8mb4;

--
-- Dumping data for table `data_toko`
--

INSERT INTO `data_toko` (`id`, `nama_toko`, `nama_pemilik`, `no_telepon`, `alamat`) VALUES
(1, 'Toko Maju Jaya', 'Nugroho', '081299764535', 'Sidareja');

-- --------------------------------------------------------

--
-- Table structure for table `detail_penjualan`
--

CREATE TABLE `detail_penjualan` (
  `no_penjualan` varchar(20) DEFAULT NULL,
  `nama_barang` varchar(100) DEFAULT NULL,
  `harga_barang` varchar(20) DEFAULT NULL,
  `jumlah_barang` int(11) DEFAULT NULL,
  `satuan` varchar(20) DEFAULT NULL,
  `sub_total` varchar(20) DEFAULT NULL
) ENGINE=InnoDB DEFAULT CHARSET=utf8mb4;

--
-- Dumping data for table `detail_penjualan`
--

INSERT INTO `detail_penjualan` (`no_penjualan`, `nama_barang`, `harga_barang`, `jumlah_barang`, `satuan`, `sub_total`) VALUES
('PJ1584356033', 'Telur', '12500', 1, 'kg', '12500'),
('PJ1584359090', 'Telur', '12500', 9, 'kg', '112500'),
('PJ1584359090', 'Gula Pasir', '8000', 5, 'kg', '40000'),
('PJ1584359090', 'Kopi Kapal Api', '1750', 5, 'sachet', '8750'),
('PJ1584359556', 'Kopi Kapal Api', '1750', 1, 'sachet', '1750'),
('PJ1584359556', 'Gula Pasir', '8000', 1, 'kg', '8000');

-- --------------------------------------------------------

--
-- Table structure for table `kasir`
--

CREATE TABLE `kasir` (
  `id` int(11) NOT NULL,
  `kode_kasir` varchar(10) DEFAULT NULL,
  `nama_kasir` varchar(100) DEFAULT NULL,
  `username_kasir` varchar(20) DEFAULT NULL,
  `password_kasir` varchar(255) DEFAULT NULL
) ENGINE=InnoDB DEFAULT CHARSET=utf8mb4;

--
-- Dumping data for table `kasir`
--

INSERT INTO `kasir` (`id`, `kode_kasir`, `nama_kasir`, `username_kasir`, `password_kasir`) VALUES
(2, 'KASIR - 58', 'Fakhrul', 'KSR58', 'pwd_fakhrul');

-- --------------------------------------------------------

--
-- Table structure for table `order`
--

CREATE TABLE `order` (
  `id_order` int(11) NOT NULL,
  `id_barang` int(11) NOT NULL,
  `jumlah` int(128) NOT NULL,
  `STATUS` char(1) NOT NULL,
  `PEMBAYARAN` varchar(100) NOT NULL,
  `ALAMAT` varchar(200) NOT NULL
) ENGINE=InnoDB DEFAULT CHARSET=utf8mb4;

--
-- Dumping data for table `order`
--

INSERT INTO `order` (`id_order`, `id_barang`, `jumlah`, `STATUS`, `PEMBAYARAN`, `ALAMAT`) VALUES
(1, 11, 2, '', '', ''),
(2, 22, 3, '', '', ''),
(3, 11, 3, '', '', ''),
(4, 11, 2, '', '', ''),
(5, 1, 300, '', '', ''),
(6, 1, 5, '0', '', ''),
(7, 2, 10, '', '', ''),
(8, 4, 3, '0', '', ''),
(9, 1, 1, '0', 'COD', 'Rumah lisayang');

-- --------------------------------------------------------

--
-- Table structure for table `pengguna`
--

CREATE TABLE `pengguna` (
  `id` int(11) NOT NULL,
  `kode_pengguna` varchar(10) DEFAULT NULL,
  `nama_pengguna` varchar(100) DEFAULT NULL,
  `username_pengguna` varchar(20) DEFAULT NULL,
  `password_pengguna` varchar(255) DEFAULT NULL
) ENGINE=InnoDB DEFAULT CHARSET=utf8mb4;

--
-- Dumping data for table `pengguna`
--

INSERT INTO `pengguna` (`id`, `kode_pengguna`, `nama_pengguna`, `username_pengguna`, `password_pengguna`) VALUES
(1, 'PGN17', 'Nugrohoo', 'nugrohoff', 'pwd_nugroho');

-- --------------------------------------------------------

--
-- Table structure for table `penjualan`
--

CREATE TABLE `penjualan` (
  `id` int(11) NOT NULL,
  `no_penjualan` varchar(20) DEFAULT NULL,
  `nama_kasir` varchar(100) DEFAULT NULL,
  `tgl_penjualan` varchar(20) DEFAULT NULL,
  `jam_penjualan` varchar(20) DEFAULT NULL,
  `total` int(11) DEFAULT NULL
) ENGINE=InnoDB DEFAULT CHARSET=utf8mb4;

--
-- Dumping data for table `penjualan`
--

INSERT INTO `penjualan` (`id`, `no_penjualan`, `nama_kasir`, `tgl_penjualan`, `jam_penjualan`, `total`) VALUES
(1, 'PJ1584356033', 'Nugrohoo', '16/03/2020', '17:53:53', 12500),
(2, 'PJ1584359090', 'Nugrohoo', '16/03/2020', '18:44:50', 161250),
(3, 'PJ1584359556', 'nugroho', '16/03/2020', '18:52:36', 9750);

-- --------------------------------------------------------

--
-- Table structure for table `user`
--

CREATE TABLE `user` (
  `id` int(11) NOT NULL,
  `name` varchar(128) NOT NULL,
  `email` varchar(128) NOT NULL,
  `image` varchar(128) NOT NULL,
  `password` varchar(256) NOT NULL,
  `role_id` int(11) NOT NULL,
  `is_active` int(1) NOT NULL,
  `date_created` int(11) NOT NULL,
  `ALAMAT` text NOT NULL
) ENGINE=InnoDB DEFAULT CHARSET=utf8mb4;

--
-- Dumping data for table `user`
--

INSERT INTO `user` (`id`, `name`, `email`, `image`, `password`, `role_id`, `is_active`, `date_created`, `ALAMAT`) VALUES
(7, 'Irfan Fanani', 'irfanfananim119@gmail.com', 'default.jpg', '$2y$10$jtDDHYxnqVPYlMIQgpYjwuq0vpGOEXBPM3fMlnDGg6A4BX5h.qtHa', 2, 1, 1603775971, ''),
(8, 'Admin', 'admin@simice.id', 'default.jpg', '$2y$10$16shYDyv2KQx2JBURefKyeSFw8J7bo0AR8RposkDG4HsqzEUQ.fIC', 1, 1, 1603799243, '');

-- --------------------------------------------------------

--
-- Table structure for table `user_access_menu`
--

CREATE TABLE `user_access_menu` (
  `id` int(11) NOT NULL,
  `role_id` int(11) NOT NULL,
  `menu_id` int(11) NOT NULL
) ENGINE=InnoDB DEFAULT CHARSET=utf8mb4;

--
-- Dumping data for table `user_access_menu`
--

INSERT INTO `user_access_menu` (`id`, `role_id`, `menu_id`) VALUES
(1, 1, 1),
(2, 1, 2),
(3, 2, 2),
(4, 1, 3);

-- --------------------------------------------------------

--
-- Table structure for table `user_menu`
--

CREATE TABLE `user_menu` (
  `id` int(11) NOT NULL,
  `menu` varchar(128) NOT NULL
) ENGINE=InnoDB DEFAULT CHARSET=utf8mb4;

--
-- Dumping data for table `user_menu`
--

INSERT INTO `user_menu` (`id`, `menu`) VALUES
(1, 'Admin'),
(2, 'User'),
(3, 'Menu'),
(4, 'Coba');

-- --------------------------------------------------------

--
-- Table structure for table `user_role`
--

CREATE TABLE `user_role` (
  `id` int(11) NOT NULL,
  `role` varchar(128) NOT NULL
) ENGINE=InnoDB DEFAULT CHARSET=utf8mb4;

--
-- Dumping data for table `user_role`
--

INSERT INTO `user_role` (`id`, `role`) VALUES
(1, 'Administrator'),
(2, 'Member');

-- --------------------------------------------------------

--
-- Table structure for table `user_sub_menu`
--

CREATE TABLE `user_sub_menu` (
  `id` int(11) NOT NULL,
  `menu_id` int(11) NOT NULL,
  `title` varchar(128) NOT NULL,
  `url` varchar(128) NOT NULL,
  `icon` varchar(128) NOT NULL,
  `is_active` int(1) NOT NULL
) ENGINE=InnoDB DEFAULT CHARSET=utf8mb4;

--
-- Dumping data for table `user_sub_menu`
--

INSERT INTO `user_sub_menu` (`id`, `menu_id`, `title`, `url`, `icon`, `is_active`) VALUES
(1, 1, 'Dashboard', 'admin', 'fas fa-fw fa-tachometer-alt', 1),
(2, 2, 'My Profile', 'user', 'fas fa-fw fa-user', 1),
(3, 2, 'Edit Profile', 'user/edit', 'fas fa-fw fa-user-edit', 1),
(4, 3, 'Menu Management', 'menu', 'fas fa-fw fa-folder', 1),
(5, 3, 'Submenu Management', 'menu/submenu', 'fas fa-fw fa-folder-open', 1),
(6, 2, 'Youtube', 'yt/yt', 'fab fa-fw fa-youtube', 1);

--
-- Indexes for dumped tables
--

--
-- Indexes for table `barang`
--
ALTER TABLE `barang`
  ADD PRIMARY KEY (`id`);

--
-- Indexes for table `data_toko`
--
ALTER TABLE `data_toko`
  ADD PRIMARY KEY (`id`);

--
-- Indexes for table `kasir`
--
ALTER TABLE `kasir`
  ADD PRIMARY KEY (`id`);

--
-- Indexes for table `order`
--
ALTER TABLE `order`
  ADD PRIMARY KEY (`id_order`);

--
-- Indexes for table `pengguna`
--
ALTER TABLE `pengguna`
  ADD PRIMARY KEY (`id`);

--
-- Indexes for table `penjualan`
--
ALTER TABLE `penjualan`
  ADD PRIMARY KEY (`id`);

--
-- Indexes for table `user`
--
ALTER TABLE `user`
  ADD PRIMARY KEY (`id`);

--
-- Indexes for table `user_access_menu`
--
ALTER TABLE `user_access_menu`
  ADD PRIMARY KEY (`id`);

--
-- Indexes for table `user_menu`
--
ALTER TABLE `user_menu`
  ADD PRIMARY KEY (`id`);

--
-- Indexes for table `user_role`
--
ALTER TABLE `user_role`
  ADD PRIMARY KEY (`id`);

--
-- Indexes for table `user_sub_menu`
--
ALTER TABLE `user_sub_menu`
  ADD PRIMARY KEY (`id`);

--
-- AUTO_INCREMENT for dumped tables
--

--
-- AUTO_INCREMENT for table `barang`
--
ALTER TABLE `barang`
  MODIFY `id` int(11) NOT NULL AUTO_INCREMENT, AUTO_INCREMENT=5;

--
-- AUTO_INCREMENT for table `data_toko`
--
ALTER TABLE `data_toko`
  MODIFY `id` int(11) NOT NULL AUTO_INCREMENT, AUTO_INCREMENT=2;

--
-- AUTO_INCREMENT for table `kasir`
--
ALTER TABLE `kasir`
  MODIFY `id` int(11) NOT NULL AUTO_INCREMENT, AUTO_INCREMENT=3;

--
-- AUTO_INCREMENT for table `order`
--
ALTER TABLE `order`
  MODIFY `id_order` int(11) NOT NULL AUTO_INCREMENT, AUTO_INCREMENT=10;

--
-- AUTO_INCREMENT for table `pengguna`
--
ALTER TABLE `pengguna`
  MODIFY `id` int(11) NOT NULL AUTO_INCREMENT, AUTO_INCREMENT=2;

--
-- AUTO_INCREMENT for table `penjualan`
--
ALTER TABLE `penjualan`
  MODIFY `id` int(11) NOT NULL AUTO_INCREMENT, AUTO_INCREMENT=4;

--
-- AUTO_INCREMENT for table `user`
--
ALTER TABLE `user`
  MODIFY `id` int(11) NOT NULL AUTO_INCREMENT, AUTO_INCREMENT=9;

--
-- AUTO_INCREMENT for table `user_access_menu`
--
ALTER TABLE `user_access_menu`
  MODIFY `id` int(11) NOT NULL AUTO_INCREMENT, AUTO_INCREMENT=5;

--
-- AUTO_INCREMENT for table `user_menu`
--
ALTER TABLE `user_menu`
  MODIFY `id` int(11) NOT NULL AUTO_INCREMENT, AUTO_INCREMENT=5;

--
-- AUTO_INCREMENT for table `user_role`
--
ALTER TABLE `user_role`
  MODIFY `id` int(11) NOT NULL AUTO_INCREMENT, AUTO_INCREMENT=3;

--
-- AUTO_INCREMENT for table `user_sub_menu`
--
ALTER TABLE `user_sub_menu`
  MODIFY `id` int(11) NOT NULL AUTO_INCREMENT, AUTO_INCREMENT=7;
COMMIT;

/*!40101 SET CHARACTER_SET_CLIENT=@OLD_CHARACTER_SET_CLIENT */;
/*!40101 SET CHARACTER_SET_RESULTS=@OLD_CHARACTER_SET_RESULTS */;
/*!40101 SET COLLATION_CONNECTION=@OLD_COLLATION_CONNECTION */;
